Workbook

Sheet Instrucciones
A1: PLANTILLA DE ESTUDIO DE RENOVACIÓN ELÉCTRICA
A2: Datos de entrada para la aplicación de estudios de renovación — v2
B4: CÓMO RELLENAR ESTA PLANTILLA
B5: 1. Hoja CLIENTE: datos generales del cliente y del gestor que solicita el estudio.
B6: 2. Hoja SUMINISTROS: una fila por punto de suministro (CUPS), hasta 50. Incluya potencias contratadas,
B7: condiciones actuales del contrato (precios de energía y potencia) y si dichos precios incluyen peajes y cargos.
B8: 3. Hoja CONSUMOS: para cada CUPS, los kWh mensuales por periodo de los últimos 12 meses.
B10: NOTAS IMPORTANTES
B11: • Solo son editables las celdas con texto en AZUL. El resto de la hoja está protegido (sin contraseña).
B12: • Tarifas admitidas: 2.0TD, 3.0TD, 6.1TD, 6.2TD, 6.3TD y 6.4TD.
B13: • En tarifa 2.0TD utilice solo P1–P3 en energía y P1–P2 en potencia; deje el resto de periodos vacíos.
B14: • Los precios actuales se introducen en €/kWh (energía) y €/kW·año (potencia), sin IVA.
B15: • POTENCIA SEGÚN ATR: si el contrato actual factura la potencia al precio regulado (peajes + cargos), marque Sí
B16: en la columna '¿Precio según ATR?' y no rellene los precios de potencia (se sombrearán en gris):
... B23: Ejemplo de celda editable

Sheet Cliente
A1: DATOS DEL CLIENTE
A2: Cumplimente todos los campos. Celdas editables en azul.
B4: Razón social
B5: CIF / NIF
B6: Dirección fiscal
B7: Gestor solicitante del estudio
B8: Email del gestor

Sheet Suministros
A1: PUNTOS DE SUMINISTRO Y CONDICIONES ACTUALES
A2: Una fila por CUPS (máx. 50). Precios sin IVA. En 2.0TD: energía P1–P3 y potencia P1–P2.
A3: DATOS DEL PUNTO DE SUMINISTRO | G3: POTENCIAS CONTRATADAS (kW) | M3: CONTRATO ACTUAL | Q3: PRECIO ENERGÍA ACTUAL (€/kWh) | W3: PRECIO POTENCIA ACTUAL (€/kW·año)
A4: Nº | B4: Titular contrato | C4: CIF | D4: CUPS | E4: Dirección del suministro | F4: Tarifa de acceso | G4: P1 | H4: P2 | I4: P3 | J4: P4 | K4: P5 | L4: P6 | M4: Comercializadora actual | N4: Modalidad actual | O4: Fecha fin contrato | P4: ¿Peajes y cargos incluidos en precio de energía? | Q4: P1 | R4: P2 | S4: P3 | T4: P4 | U4: P5 | V4: P6 | W4: ¿Precio según ATR? (Sí/No) | X4: P1 | Y4: P2 | Z4: P3 | AA4: P4 | AB4: P5 | AC4: P6
A5: 1
A6: 2
A7: 3
A8: 4
A9: 5
A10: 6
A11: 7
A12: 8
A13: 9
A14: 10
A15: 11
A16: 12
... A54: 50

Sheet Consumos
A1: CONSUMOS MENSUALES POR PERIODO (kWh)
A2: Últimos 12 meses por CUPS. El CUPS se muestra automáticamente desde la hoja SUMINISTROS.
A4: SUMINISTRO 1 | C4: =IF(Suministros!D5="","(sin CUPS — rellene la hoja Suministros)",Suministros!D5) -> (sin CUPS — rellene la hoja Suministros)
A5: Mes | B5: Año | C5: P1 | D5: P2 | E5: P3 | F5: P4 | G5: P5 | H5: P6 | I5: Total (kWh)
A6: Enero | I6: =IF(COUNT(C6:H6)=0,"",SUM(C6:H6))
A7: Febrero | I7: =IF(COUNT(C7:H7)=0,"",SUM(C7:H7))
A8: Marzo | I8: =IF(COUNT(C8:H8)=0,"",SUM(C8:H8))
A9: Abril | I9: =IF(COUNT(C9:H9)=0,"",SUM(C9:H9))
A10: Mayo | I10: =IF(COUNT(C10:H10)=0,"",SUM(C10:H10))
A11: Junio | I11: =IF(COUNT(C11:H11)=0,"",SUM(C11:H11))
A12: Julio | I12: =IF(COUNT(C12:H12)=0,"",SUM(C12:H12))
A13: Agosto | I13: =IF(COUNT(C13:H13)=0,"",SUM(C13:H13))
A14: Septiembre | I14: =IF(COUNT(C14:H14)=0,"",SUM(C14:H14))
A15: Octubre | I15: =IF(COUNT(C15:H15)=0,"",SUM(C15:H15))
A16: Noviembre | I16: =IF(COUNT(C16:H16)=0,"",SUM(C16:H16))
A17: Diciembre | I17: =IF(COUNT(C17:H17)=0,"",SUM(C17:H17))
A18: TOTAL | C18: =IF(COUNT(C6:C17)=0,"",SUM(C6:C17)) | D18: =IF(COUNT(D6:D17)=0,"",SUM(D6:D17)) | E18: =IF(COUNT(E6:E17)=0,"",SUM(E6:E17)) | F18: =IF(COUNT(F6:F17)=0,"",SUM(F6:F17)) | G18: =IF(COUNT(G6:G17)=0,"",SUM(G6:G17)) | H18: =IF(COUNT(H6:H17)=0,"",SUM(H6:H17)) | I18: =IF(COUNT(I6:I17)=0,"",SUM(I6:I17))
A22: SUMINISTRO 2 | C22: =IF(Suministros!D6="","(sin CUPS — rellene la hoja Suministros)",Suministros!D6) -> (sin CUPS — rellene la hoja Suministros)
A23: Mes | B23: Año | C23: P1 | D23: P2 | E23: P3 | F23: P4 | G23: P5 | H23: P6 | I23: Total (kWh)
A24: Enero | I24: =IF(COUNT(C24:H24)=0,"",SUM(C24:H24))
A25: Febrero | I25: =IF(COUNT(C25:H25)=0,"",SUM(C25:H25))
A26: Marzo | I26: =IF(COUNT(C26:H26)=0,"",SUM(C26:H26))
A27: Abril | I27: =IF(COUNT(C27:H27)=0,"",SUM(C27:H27))
A28: Mayo | I28: =IF(COUNT(C28:H28)=0,"",SUM(C28:H28))
A29: Junio | I29: =IF(COUNT(C29:H29)=0,"",SUM(C29:H29))
A30: Julio | I30: =IF(COUNT(C30:H30)=0,"",SUM(C30:H30))
A31: Agosto | I31: =IF(COUNT(C31:H31)=0,"",SUM(C31:H31))
A32: Septiembre | I32: =IF(COUNT(C32:H32)=0,"",SUM(C32:H32))
A33: Octubre | I33: =IF(COUNT(C33:H33)=0,"",SUM(C33:H33))
A34: Noviembre | I34: =IF(COUNT(C34:H34)=0,"",SUM(C34:H34))
A35: Diciembre | I35: =IF(COUNT(C35:H35)=0,"",SUM(C35:H35))
A36: TOTAL | C36: =IF(COUNT(C24:C35)=0,"",SUM(C24:C35)) | D36: =IF(COUNT(D24:D35)=0,"",SUM(D24:D35)) | E36: =IF(COUNT(E24:E35)=0,"",SUM(E24:E35)) | F36: =IF(COUNT(F24:F35)=0,"",SUM(F24:F35)) | G36: =IF(COUNT(G24:G35)=0,"",SUM(G24:G35)) | H36: =IF(COUNT(H24:H35)=0,"",SUM(H24:H35)) | I36: =IF(COUNT(I24:I35)=0,"",SUM(I24:I35))
A40: SUMINISTRO 3 | C40: =IF(Suministros!D7="","(sin CUPS — rellene la hoja Suministros)",Suministros!D7) -> (sin CUPS — rellene la hoja Suministros)
A41: Mes | B41: Año | C41: P1 | D41: P2 | E41: P3 | F41: P4 | G41: P5 | H41: P6 | I41: Total (kWh)
A42: Enero | I42: =IF(COUNT(C42:H42)=0,"",SUM(C42:H42))
A43: Febrero | I43: =IF(COUNT(C43:H43)=0,"",SUM(C43:H43))
A44: Marzo | I44: =IF(COUNT(C44:H44)=0,"",SUM(C44:H44))
A45: Abril | I45: =IF(COUNT(C45:H45)=0,"",SUM(C45:H45))
A46: Mayo | I46: =IF(COUNT(C46:H46)=0,"",SUM(C46:H46))
A47: Junio | I47: =IF(COUNT(C47:H47)=0,"",SUM(C47:H47))
A48: Julio | I48: =IF(COUNT(C48:H48)=0,"",SUM(C48:H48))
A49: Agosto | I49: =IF(COUNT(C49:H49)=0,"",SUM(C49:H49))
A50: Septiembre | I50: =IF(COUNT(C50:H50)=0,"",SUM(C50:H50))
A51: Octubre | I51: =IF(COUNT(C51:H51)=0,"",SUM(C51:H51))
A52: Noviembre | I52: =IF(COUNT(C52:H52)=0,"",SUM(C52:H52))
A53: Diciembre | I53: =IF(COUNT(C53:H53)=0,"",SUM(C53:H53))
A54: TOTAL | C54: =IF(COUNT(C42:C53)=0,"",SUM(C42:C53)) | D54: =IF(COUNT(D42:D53)=0,"",SUM(D42:D53)) | E54: =IF(COUNT(E42:E53)=0,"",SUM(E42:E53)) | F54: =IF(COUNT(F42:F53)=0,"",SUM(F42:F53)) | G54: =IF(COUNT(G42:G53)=0,"",SUM(G42:G53)) | H54: =IF(COUNT(H42:H53)=0,"",SUM(H42:H53)) | I54: =IF(COUNT(I42:I53)=0,"",SUM(I42:I53))
A58: SUMINISTRO 4 | C58: =IF(Suministros!D8="","(sin CUPS — rellene la hoja Suministros)",Suministros!D8) -> (sin CUPS — rellene la hoja Suministros)
A59: Mes | B59: Año | C59: P1 | D59: P2 | E59: P3 | F59: P4 | G59: P5 | H59: P6 | I59: Total (kWh)
A60: Enero | I60: =IF(COUNT(C60:H60)=0,"",SUM(C60:H60))
A61: Febrero | I61: =IF(COUNT(C61:H61)=0,"",SUM(C61:H61))
A62: Marzo | I62: =IF(COUNT(C62:H62)=0,"",SUM(C62:H62))
A63: Abril | I63: =IF(COUNT(C63:H63)=0,"",SUM(C63:H63))
A64: Mayo | I64: =IF(COUNT(C64:H64)=0,"",SUM(C64:H64))
A65: Junio | I65: =IF(COUNT(C65:H65)=0,"",SUM(C65:H65))
A66: Julio | I66: =IF(COUNT(C66:H66)=0,"",SUM(C66:H66))
A67: Agosto | I67: =IF(COUNT(C67:H67)=0,"",SUM(C67:H67))
A68: Septiembre | I68: =IF(COUNT(C68:H68)=0,"",SUM(C68:H68))
A69: Octubre | I69: =IF(COUNT(C69:H69)=0,"",SUM(C69:H69))
A70: Noviembre | I70: =IF(COUNT(C70:H70)=0,"",SUM(C70:H70))
A71: Diciembre | I71: =IF(COUNT(C71:H71)=0,"",SUM(C71:H71))
A72: TOTAL | C72: =IF(COUNT(C60:C71)=0,"",SUM(C60:C71)) | D72: =IF(COUNT(D60:D71)=0,"",SUM(D60:D71)) | E72: =IF(COUNT(E60:E71)=0,"",SUM(E60:E71)) | F72: =IF(COUNT(F60:F71)=0,"",SUM(F60:F71)) | G72: =IF(COUNT(G60:G71)=0,"",SUM(G60:G71)) | H72: =IF(COUNT(H60:H71)=0,"",SUM(H60:H71)) | I72: =IF(COUNT(I60:I71)=0,"",SUM(I60:I71))
A76: SUMINISTRO 5 | C76: =IF(Suministros!D9="","(sin CUPS — rellene la hoja Suministros)",Suministros!D9) -> (sin CUPS — rellene la hoja Suministros)
A77: Mes | B77: Año | C77: P1 | D77: P2 | E77: P3 | F77: P4 | G77: P5 | H77: P6 | I77: Total (kWh)
A78: Enero | I78: =IF(COUNT(C78:H78)=0,"",SUM(C78:H78))
A79: Febrero | I79: =IF(COUNT(C79:H79)=0,"",SUM(C79:H79))
A80: Marzo | I80: =IF(COUNT(C80:H80)=0,"",SUM(C80:H80))
A81: Abril | I81: =IF(COUNT(C81:H81)=0,"",SUM(C81:H81))
A82: Mayo | I82: =IF(COUNT(C82:H82)=0,"",SUM(C82:H82))
A83: Junio | I83: =IF(COUNT(C83:H83)=0,"",SUM(C83:H83))
A84: Julio | I84: =IF(COUNT(C84:H84)=0,"",SUM(C84:H84))
A85: Agosto | I85: =IF(COUNT(C85:H85)=0,"",SUM(C85:H85))
A86: Septiembre | I86: =IF(COUNT(C86:H86)=0,"",SUM(C86:H86))
A87: Octubre | I87: =IF(COUNT(C87:H87)=0,"",SUM(C87:H87))
A88: Noviembre | I88: =IF(COUNT(C88:H88)=0,"",SUM(C88:H88))
A89: Diciembre | I89: =IF(COUNT(C89:H89)=0,"",SUM(C89:H89))
A90: TOTAL | C90: =IF(COUNT(C78:C89)=0,"",SUM(C78:C89)) | D90: =IF(COUNT(D78:D89)=0,"",SUM(D78:D89)) | E90: =IF(COUNT(E78:E89)=0,"",SUM(E78:E89)) | F90: =IF(COUNT(F78:F89)=0,"",SUM(F78:F89)) | G90: =IF(COUNT(G78:G89)=0,"",SUM(G78:G89)) | H90: =IF(COUNT(H78:H89)=0,"",SUM(H78:H89)) | I90: =IF(COUNT(I78:I89)=0,"",SUM(I78:I89))
A94: SUMINISTRO 6 | C94: =IF(Suministros!D10="","(sin CUPS — rellene la hoja Suministros)",Suministros!D10) -> (sin CUPS — rellene la hoja Suministros)
A95: Mes | B95: Año | C95: P1 | D95: P2 | E95: P3 | F95: P4 | G95: P5 | H95: P6 | I95: Total (kWh)
A96: Enero | I96: =IF(COUNT(C96:H96)=0,"",SUM(C96:H96))
A97: Febrero | I97: =IF(COUNT(C97:H97)=0,"",SUM(C97:H97))
A98: Marzo | I98: =IF(COUNT(C98:H98)=0,"",SUM(C98:H98))
A99: Abril | I99: =IF(COUNT(C99:H99)=0,"",SUM(C99:H99))
A100: Mayo | I100: =IF(COUNT(C100:H100)=0,"",SUM(C100:H100))
A101: Junio | I101: =IF(COUNT(C101:H101)=0,"",SUM(C101:H101))
A102: Julio | I102: =IF(COUNT(C102:H102)=0,"",SUM(C102:H102))
A103: Agosto | I103: =IF(COUNT(C103:H103)=0,"",SUM(C103:H103))
A104: Septiembre | I104: =IF(COUNT(C104:H104)=0,"",SUM(C104:H104))
A105: Octubre | I105: =IF(COUNT(C105:H105)=0,"",SUM(C105:H105))
A106: Noviembre | I106: =IF(COUNT(C106:H106)=0,"",SUM(C106:H106))
A107: Diciembre | I107: =IF(COUNT(C107:H107)=0,"",SUM(C107:H107))
A108: TOTAL | C108: =IF(COUNT(C96:C107)=0,"",SUM(C96:C107)) | D108: =IF(COUNT(D96:D107)=0,"",SUM(D96:D107)) | E108: =IF(COUNT(E96:E107)=0,"",SUM(E96:E107)) | F108: =IF(COUNT(F96:F107)=0,"",SUM(F96:F107)) | G108: =IF(COUNT(G96:G107)=0,"",SUM(G96:G107)) | H108: =IF(COUNT(H96:H107)=0,"",SUM(H96:H107)) | I108: =IF(COUNT(I96:I107)=0,"",SUM(I96:I107))
A112: SUMINISTRO 7 | C112: =IF(Suministros!D11="","(sin CUPS — rellene la hoja Suministros)",Suministros!D11) -> (sin CUPS — rellene la hoja Suministros)
A113: Mes | B113: Año | C113: P1 | D113: P2 | E113: P3 | F113: P4 | G113: P5 | H113: P6 | I113: Total (kWh)
A114: Enero | I114: =IF(COUNT(C114:H114)=0,"",SUM(C114:H114))
A115: Febrero | I115: =IF(COUNT(C115:H115)=0,"",SUM(C115:H115))
A116: Marzo | I116: =IF(COUNT(C116:H116)=0,"",SUM(C116:H116))
A117: Abril | I117: =IF(COUNT(C117:H117)=0,"",SUM(C117:H117))
A118: Mayo | I118: =IF(COUNT(C118:H118)=0,"",SUM(C118:H118))
A119: Junio | I119: =IF(COUNT(C119:H119)=0,"",SUM(C119:H119))
...
